id,company,last_name,first_name,job_title,business_phone,fax_number,address,city,stage,zip_code,country,email
1,Company B,LastName1,FirstName1,Job Title,(123)555-0001,(123)555-0001,1 Main Street,CityName,ST,99999,USA,email1@gmail.com
2,Company C,LastName2,FirstName2,Job Title,(123)555-0002,(123)555-0002,2 Main Street,CityName,ST,99999,USA,email2@gmail.com
3,Company D,LastName3,FirstName3,Job Title,(123)555-0003,(123)555-0003,3 Main Street,CityName,ST,99999,USA,email3@gmail.com
4,Company E,LastName4,FirstName4,Job Title,(123)555-0004,(123)555-0004,4 Main Street,CityName,ST,99999,USA,email4@gmail.com
5,Company F,LastName5,FirstName5,Job Title,(123)555-0005,(123)555-0005,5 Main Street,CityName,ST,99999,USA,email5@gmail.com
6,Company G,LastName6,FirstName6,Job Title,(123)555-0006,(123)555-0006,6 Main Street,CityName,ST,99999,USA,email6@gmail.com
7,Company H,LastName7,FirstName7,Job Title,(123)555-0007,(123)555-0007,7 Main Street,CityName,ST,99999,USA,email7@gmail.com
8,Company I,LastName8,FirstName8,Job Title,(123)555-0008,(123)555-0008,8 Main Street,CityName,ST,99999,USA,email8@gmail.com
9,Company J,LastName9,FirstName9,Job Title,(123)555-0009,(123)555-0009,9 Main Street,CityName,ST,99999,USA,email9@gmail.com
10,Company K,LastName10,FirstName10,Job Title,(123)555-0010,(123)555-0010,10 Main Street,CityName,ST,99999,USA,email10@gmail.com
11,Company L,LastName11,FirstName11,Job Title,(123)555-0011,(123)555-0011,11 Main Street,CityName,ST,99999,USA,email11@gmail.com
12,Company M,LastName12,FirstName12,Job Title,(123)555-0012,(123)555-0012,12 Main Street,CityName,ST,99999,USA,email12@gmail.com
13,Company N,LastName13,FirstName13,Job Title,(123)555-0013,(123)555-0013,13 Main Street,CityName,ST,99999,USA,email13@gmail.com
14,Company O,LastName14,FirstName14,Job Title,(123)555-0014,(123)555-0014,14 Main Street,CityName,ST,99999,USA,email14@gmail.com
15,Company P,LastName15,FirstName15,Job Title,(123)555-0015,(123)555-0015,15 Main Street,CityName,ST,99999,USA,email15@gmail.com
16,Company Q,LastName16,FirstName16,Job Title,(123)555-0016,(123)555-0016,16 Main Street,CityName,ST,99999,USA,email16@gmail.com
17,Company R,LastName17,FirstName17,Job Title,(123)555-0017,(123)555-0017,17 Main Street,CityName,ST,99999,USA,email17@gmail.com
18,Company S,LastName18,FirstName18,Job Title,(123)555-0018,(123)555-0018,18 Main Street,CityName,ST,99999,USA,email18@gmail.com
19,Company T,LastName19,FirstName19,Job Title,(123)555-0019,(123)555-0019,19 Main Street,CityName,ST,99999,USA,email19@gmail.com
20,Company U,LastName20,FirstName20,Job Title,(123)555-0020,(123)555-0020,20 Main Street,CityName,ST,99999,USA,email20@gmail.com
21,Company V,LastName21,FirstName21,Job Title,(123)555-0021,(123)555-0021,21 Main Street,CityName,ST,99999,USA,email21@gmail.com
22,Company W,LastName22,FirstName22,Job Title,(123)555-0022,(123)555-0022,22 Main Street,CityName,ST,99999,USA,email22@gmail.com
23,Company X,LastName23,FirstName23,Job Title,(123)555-0023,(123)555-0023,23 Main Street,CityName,ST,99999,USA,email23@gmail.com
24,Company Y,LastName24,FirstName24,Job Title,(123)555-0024,(123)555-0024,24 Main Street,CityName,ST,99999,USA,email24@gmail.com
25,Company Z,LastName25,FirstName25,Job Title,(123)555-0025,(123)555-0025,25 Main Street,CityName,ST,99999,USA,email25@gmail.com
26,Company A,LastName26,FirstName26,Job Title,(123)555-0026,(123)555-0026,26 Main Street,CityName,ST,99999,USA,email26@gmail.com
27,Company B,LastName27,FirstName27,Job Title,(123)555-0027,(123)555-0027,27 Main Street,CityName,ST,99999,USA,email27@gmail.com
28,Company C,LastName28,FirstName28,Job Title,(123)555-0028,(123)555-0028,28 Main Street,CityName,ST,99999,USA,email28@gmail.com
29,Company D,LastName29,FirstName29,Job Title,(123)555-0029,(123)555-0029,29 Main Street,CityName,ST,99999,USA,email29@gmail.com
30,Company E,LastName30,FirstName30,Job Title,(123)555-0030,(123)555-0030,30 Main Street,CityName,ST,99999,USA,email30@gmail.com
31,Company F,LastName31,FirstName31,Job Title,(123)555-0031,(123)555-0031,31 Main Street,CityName,ST,99999,USA,email31@gmail.com
32,Company G,LastName32,FirstName32,Job Title,(123)555-0032,(123)555-0032,32 Main Street,CityName,ST,99999,USA,email32@gmail.com
33,Company H,LastName33,FirstName33,Job Title,(123)555-0033,(123)555-0033,33 Main Street,CityName,ST,99999,USA,email33@gmail.com
34,Company I,LastName34,FirstName34,Job Title,(123)555-0034,(123)555-0034,34 Main Street,CityName,ST,99999,USA,email34@gmail.com
35,Company J,LastName35,FirstName35,Job Title,(123)555-0035,(123)555-0035,35 Main Street,CityName,ST,99999,USA,email35@gmail.com
36,Company K,LastName36,FirstName36,Job Title,(123)555-0036,(123)555-0036,36 Main Street,CityName,ST,99999,USA,email36@gmail.com
37,Company L,LastName37,FirstName37,Job Title,(123)555-0037,(123)555-0037,37 Main Street,CityName,ST,99999,USA,email37@gmail.com
38,Company M,LastName38,FirstName38,Job Title,(123)555-0038,(123)555-0038,38 Main Street,CityName,ST,99999,USA,email38@gmail.com
39,Company N,LastName39,FirstName39,Job Title,(123)555-0039,(123)555-0039,39 Main Street,CityName,ST,99999,USA,email39@gmail.com
40,Company O,LastName40,FirstName40,Job Title,(123)555-0040,(123)555-0040,40 Main Street,CityName,ST,99999,USA,email40@gmail.com
41,Company P,LastName41,FirstName41,Job Title,(123)555-0041,(123)555-0041,41 Main Street,CityName,ST,99999,USA,email41@gmail.com
42,Company Q,LastName42,FirstName42,Job Title,(123)555-0042,(123)555-0042,42 Main Street,CityName,ST,99999,USA,email42@gmail.com
43,Company R,LastName43,FirstName43,Job Title,(123)555-0043,(123)555-0043,43 Main Street,CityName,ST,99999,USA,email43@gmail.com
44,Company S,LastName44,FirstName44,Job Title,(123)555-0044,(123)555-0044,44 Main Street,CityName,ST,99999,USA,email44@gmail.com
45,Company T,LastName45,FirstName45,Job Title,(123)555-0045,(123)555-0045,45 Main Street,CityName,ST,99999,USA,email45@gmail.com
46,Company U,LastName46,FirstName46,Job Title,(123)555-0046,(123)555-0046,46 Main Street,CityName,ST,99999,USA,email46@gmail.com
47,Company V,LastName47,FirstName47,Job Title,(123)555-0047,(123)555-0047,47 Main Street,CityName,ST,99999,USA,email47@gmail.com
48,Company W,LastName48,FirstName48,Job Title,(123)555-0048,(123)555-0048,48 Main Street,CityName,ST,99999,USA,email48@gmail.com
49,Company X,LastName49,FirstName49,Job Title,(123)555-0049,(123)555-0049,49 Main Street,CityName,ST,99999,USA,email49@gmail.com
50,Company Y,LastName50,FirstName50,Job Title,(123)555-0050,(123)555-0050,50 Main Street,CityName,ST,99999,USA,email50@gmail.com
51,Company Z,LastName51,FirstName51,Job Title,(123)555-0051,(123)555-0051,51 Main Street,CityName,ST,99999,USA,email51@gmail.com
52,Company A,LastName52,FirstName52,Job Title,(123)555-0052,(123)555-0052,52 Main Street,CityName,ST,99999,USA,email52@gmail.com
53,Company B,LastName53,FirstName53,Job Title,(123)555-0053,(123)555-0053,53 Main Street,CityName,ST,99999,USA,email53@gmail.com
54,Company C,LastName54,FirstName54,Job Title,(123)555-0054,(123)555-0054,54 Main Street,CityName,ST,99999,USA,email54@gmail.com
55,Company D,LastName55,FirstName55,Job Title,(123)555-0055,(123)555-0055,55 Main Street,CityName,ST,99999,USA,email55@gmail.com
56,Company E,LastName56,FirstName56,Job Title,(123)555-0056,(123)555-0056,56 Main Street,CityName,ST,99999,USA,email56@gmail.com
57,Company F,LastName57,FirstName57,Job Title,(123)555-0057,(123)555-0057,57 Main Street,CityName,ST,99999,USA,email57@gmail.com
58,Company G,LastName58,FirstName58,Job Title,(123)555-0058,(123)555-0058,58 Main Street,CityName,ST,99999,USA,email58@gmail.com
59,Company H,LastName59,FirstName59,Job Title,(123)555-0059,(123)555-0059,59 Main Street,CityName,ST,99999,USA,email59@gmail.com
60,Company I,LastName60,FirstName60,Job Title,(123)555-0060,(123)555-0060,60 Main Street,CityName,ST,99999,USA,email60@gmail.com
61,Company J,LastName61,FirstName61,Job Title,(123)555-0061,(123)555-0061,61 Main Street,CityName,ST,99999,USA,email61@gmail.com
62,Company K,LastName62,FirstName62,Job Title,(123)555-0062,(123)555-0062,62 Main Street,CityName,ST,99999,USA,email62@gmail.com
63,Company L,LastName63,FirstName63,Job Title,(123)555-0063,(123)555-0063,63 Main Street,CityName,ST,99999,USA,email63@gmail.com
64,Company M,LastName64,FirstName64,Job Title,(123)555-0064,(123)555-0064,64 Main Street,CityName,ST,99999,USA,email64@gmail.com
65,Company N,LastName65,FirstName65,Job Title,(123)555-0065,(123)555-0065,65 Main Street,CityName,ST,99999,USA,email65@gmail.com
66,Company O,LastName66,FirstName66,Job Title,(123)555-0066,(123)555-0066,66 Main Street,CityName,ST,99999,USA,email66@gmail.com
67,Company P,LastName67,FirstName67,Job Title,(123)555-0067,(123)555-0067,67 Main Street,CityName,ST,99999,USA,email67@gmail.com
68,Company Q,LastName68,FirstName68,Job Title,(123)555-0068,(123)555-0068,68 Main Street,CityName,ST,99999,USA,email68@gmail.com
69,Company R,LastName69,FirstName69,Job Title,(123)555-0069,(123)555-0069,69 Main Street,CityName,ST,99999,USA,email69@gmail.com
70,Company S,LastName70,FirstName70,Job Title,(123)555-0070,(123)555-0070,70 Main Street,CityName,ST,99999,USA,email70@gmail.com
71,Company T,LastName71,FirstName71,Job Title,(123)555-0071,(123)555-0071,71 Main Street,CityName,ST,99999,USA,email71@gmail.com
72,Company U,LastName72,FirstName72,Job Title,(123)555-0072,(123)555-0072,72 Main Street,CityName,ST,99999,USA,email72@gmail.com
73,Company V,LastName73,FirstName73,Job Title,(123)555-0073,(123)555-0073,73 Main Street,CityName,ST,99999,USA,email73@gmail.com
74,Company W,LastName74,FirstName74,Job Title,(123)555-0074,(123)555-0074,74 Main Street,CityName,ST,99999,USA,email74@gmail.com
75,Company X,LastName75,FirstName75,Job Title,(123)555-0075,(123)555-0075,75 Main Street,CityName,ST,99999,USA,email75@gmail.com
76,Company Y,LastName76,FirstName76,Job Title,(123)555-0076,(123)555-0076,76 Main Street,CityName,ST,99999,USA,email76@gmail.com
77,Company Z,LastName77,FirstName77,Job Title,(123)555-0077,(123)555-0077,77 Main Street,CityName,ST,99999,USA,email77@gmail.com
78,Company A,LastName78,FirstName78,Job Title,(123)555-0078,(123)555-0078,78 Main Street,CityName,ST,99999,USA,email78@gmail.com
79,Company B,LastName79,FirstName79,Job Title,(123)555-0079,(123)555-0079,79 Main Street,CityName,ST,99999,USA,email79@gmail.com
80,Company C,LastName80,FirstName80,Job Title,(123)555-0080,(123)555-0080,80 Main Street,CityName,ST,99999,USA,email80@gmail.com
81,Company D,LastName81,FirstName81,Job Title,(123)555-0081,(123)555-0081,81 Main Street,CityName,ST,99999,USA,email81@gmail.com
82,Company E,LastName82,FirstName82,Job Title,(123)555-0082,(123)555-0082,82 Main Street,CityName,ST,99999,USA,email82@gmail.com
83,Company F,LastName83,FirstName83,Job Title,(123)555-0083,(123)555-0083,83 Main Street,CityName,ST,99999,USA,email83@gmail.com
84,Company G,LastName84,FirstName84,Job Title,(123)555-0084,(123)555-0084,84 Main Street,CityName,ST,99999,USA,email84@gmail.com
85,Company H,LastName85,FirstName85,Job Title,(123)555-0085,(123)555-0085,85 Main Street,CityName,ST,99999,USA,email85@gmail.com
86,Company I,LastName86,FirstName86,Job Title,(123)555-0086,(123)555-0086,86 Main Street,CityName,ST,99999,USA,email86@gmail.com
87,Company J,LastName87,FirstName87,Job Title,(123)555-0087,(123)555-0087,87 Main Street,CityName,ST,99999,USA,email87@gmail.com
88,Company K,LastName88,FirstName88,Job Title,(123)555-0088,(123)555-0088,88 Main Street,CityName,ST,99999,USA,email88@gmail.com
89,Company L,LastName89,FirstName89,Job Title,(123)555-0089,(123)555-0089,89 Main Street,CityName,ST,99999,USA,email89@gmail.com
90,Company M,LastName90,FirstName90,Job Title,(123)555-0090,(123)555-0090,90 Main Street,CityName,ST,99999,USA,email90@gmail.com
91,Company N,LastName91,FirstName91,Job Title,(123)555-0091,(123)555-0091,91 Main Street,CityName,ST,99999,USA,email91@gmail.com
92,Company O,LastName92,FirstName92,Job Title,(123)555-0092,(123)555-0092,92 Main Street,CityName,ST,99999,USA,email92@gmail.com
93,Company P,LastName93,FirstName93,Job Title,(123)555-0093,(123)555-0093,93 Main Street,CityName,ST,99999,USA,email93@gmail.com
94,Company Q,LastName94,FirstName94,Job Title,(123)555-0094,(123)555-0094,94 Main Street,CityName,ST,99999,USA,email94@gmail.com
95,Company R,LastName95,FirstName95,Job Title,(123)555-0095,(123)555-0095,95 Main Street,CityName,ST,99999,USA,email95@gmail.com
96,Company S,LastName96,FirstName96,Job Title,(123)555-0096,(123)555-0096,96 Main Street,CityName,ST,99999,USA,email96@gmail.com
97,Company T,LastName97,FirstName97,Job Title,(123)555-0097,(123)555-0097,97 Main Street,CityName,ST,99999,USA,email97@gmail.com
98,Company U,LastName98,FirstName98,Job Title,(123)555-0098,(123)555-0098,98 Main Street,CityName,ST,99999,USA,email98@gmail.com
99,Company V,LastName99,FirstName99,Job Title,(123)555-0099,(123)555-0099,99 Main Street,CityName,ST,99999,USA,email99@gmail.com
